Path;File;Type;Filter;Score;dX;dY;Angle;Date/Time;Size;CFA;Depth;Info;ISO/Gain;Exposure;Aperture;FWHM;#Stars;Sky Background
E:/Astronomie/Images/Nebulas/Orion Nebula/Orion 11 feb 2020/Image data/JPEG - Copy;IMG_6678.JPG;Light;;25113.36;206.37;94.72;0.38°;11/02/2021 23:27;6000 x 4000;No;RGB 8 bit/ch;JPEG Canon EOS 800D;800;19.7 s ;0.0;4.11;3668;53.52 %
E:/Astronomie/Images/Nebulas/Orion Nebula/Orion 11 feb 2020/Image data/JPEG - Copy;IMG_6463.JPG;Light;;29833.81;63.31;-91.22;0.11°;11/02/2021 22:09;6000 x 4000;No;RGB 8 bit/ch;JPEG Canon EOS 800D;800;19.7 s ;0.0;3.84;4121;59.18 %
E:/Astronomie/Images/Nebulas/Orion Nebula/Orion 11 feb 2020/Image data/JPEG - Copy;IMG_6640.JPG;Light;;25804.86;174.04;57.78;0.34°;11/02/2021 23:14;6000 x 4000;No;RGB 8 bit/ch;JPEG Canon EOS 800D;800;19.899 s ;0.0;4.13;3750;53.71 %
E:/Astronomie/Images/Nebulas/Orion Nebula/Orion 11 feb 2020/Image data/JPEG - Copy;IMG_6680.JPG;Light;;22240.00;199.37;94.08;0.38°;11/02/2021 23:28;6000 x 4000;No;RGB 8 bit/ch;JPEG Canon EOS 800D;800;19.799 s ;0.0;4.15;3344;53.91 %
E:/Astronomie/Images/Nebulas/Orion Nebula/Orion 11 feb 2020/Image data/JPEG - Copy;IMG_6686.JPG;Light;;23555.74;212.46;101.74;0.41°;11/02/2021 23:30;6000 x 4000;No;RGB 8 bit/ch;JPEG Canon EOS 800D;800;19.799 s ;0.0;4.01;3379;53.91 %
E:/Astronomie/Images/Nebulas/Orion Nebula/Orion 11 feb 2020/Image data/JPEG - Copy;IMG_6688.JPG;Light;;26363.28;207.64;103.22;0.38°;11/02/2021 23:31;6000 x 4000;No;RGB 8 bit/ch;JPEG Canon EOS 800D;800;19.899 s ;0.0;3.92;3734;53.91 %
E:/Astronomie/Images/Nebulas/Orion Nebula/Orion 11 feb 2020/Image data/JPEG - Copy;IMG_6692.JPG;Light;;21966.57;211.42;107.34;0.39°;11/02/2021 23:32;6000 x 4000;No;RGB 8 bit/ch;JPEG Canon EOS 800D;800;19.6 s ;0.0;4.17;3290;53.52 %
E:/Astronomie/Images/Nebulas/Orion Nebula/Orion 11 feb 2020/Image data/JPEG - Copy;IMG_6642.JPG;Light;;23867.00;165.84;56.04;0.34°;11/02/2021 23:14;6000 x 4000;No;RGB 8 bit/ch;JPEG Canon EOS 800D;800;19.799 s ;0.0;4.12;3464;53.52 %
E:/Astronomie/Images/Nebulas/Orion Nebula/Orion 11 feb 2020/Image data/JPEG - Copy;IMG_6691.JPG;Light;;24616.45;216.64;108.56;0.38°;11/02/2021 23:32;6000 x 4000;No;RGB 8 bit/ch;JPEG Canon EOS 800D;800;19.7 s ;0.0;4.13;3619;53.71 %
E:/Astronomie/Images/Nebulas/Orion Nebula/Orion 11 feb 2020/Image data/JPEG - Copy;IMG_6690.JPG;Light;;20323.30;216.48;107.01;0.39°;11/02/2021 23:31;6000 x 4000;No;RGB 8 bit/ch;JPEG Canon EOS 800D;800;19.899 s ;0.0;4.12;3055;53.91 %
E:/Astronomie/Images/Nebulas/Orion Nebula/Orion 11 feb 2020/Image data/JPEG - Copy;IMG_6661.JPG;Light;;25750.89;191.95;78.33;0.35°;11/02/2021 23:21;6000 x 4000;No;RGB 8 bit/ch;JPEG Canon EOS 800D;800;19.799 s ;0.0;4.07;3656;53.91 %
E:/Astronomie/Images/Nebulas/Orion Nebula/Orion 11 feb 2020/Image data/JPEG - Copy;IMG_6598.JPG;Light;;26396.14;147.55;23.25;0.29°;11/02/2021 22:59;6000 x 4000;No;RGB 8 bit/ch;JPEG Canon EOS 800D;800;19.899 s ;0.0;4.05;3745;57.23 %
E:/Astronomie/Images/Nebulas/Orion Nebula/Orion 11 feb 2020/Image data/JPEG - Copy;IMG_6682.JPG;Light;;25089.55;210.96;98.95;0.38°;11/02/2021 23:29;6000 x 4000;No;RGB 8 bit/ch;JPEG Canon EOS 800D;800;19.799 s ;0.0;3.96;3557;53.91 %
E:/Astronomie/Images/Nebulas/Orion Nebula/Orion 11 feb 2020/Image data/JPEG - Copy;IMG_6671.JPG;Light;;22801.38;191.78;85.16;0.37°;11/02/2021 23:25;6000 x 4000;No;RGB 8 bit/ch;JPEG Canon EOS 800D;800;19.799 s ;0.0;4.13;3365;53.91 %
E:/Astronomie/Images/Nebulas/Orion Nebula/Orion 11 feb 2020/Image data/JPEG - Copy;IMG_6428.JPG;Light;;29532.20;10.10;8.66;0.01°;11/02/2021 21:55;6000 x 4000;No;RGB 8 bit/ch;JPEG Canon EOS 800D;800;20.2 s ;0.0;3.98;4121;61.13 %
E:/Astronomie/Images/Nebulas/Orion Nebula/Orion 11 feb 2020/Image data/JPEG - Copy;IMG_6687.JPG;Light;;20006.49;210.91;103.31;0.40°;11/02/2021 23:30;6000 x 4000;No;RGB 8 bit/ch;JPEG Canon EOS 800D;800;19.799 s ;0.0;4.35;3202;53.91 %
E:/Astronomie/Images/Nebulas/Orion Nebula/Orion 11 feb 2020/Image data/JPEG - Copy;IMG_6449.JPG;Light;;21951.78;66.33;-96.28;0.09°;11/02/2021 22:04;6000 x 4000;No;RGB 8 bit/ch;JPEG Canon EOS 800D;800;19.7 s ;0.0;4.11;3484;59.96 %
E:/Astronomie/Images/Nebulas/Orion Nebula/Orion 11 feb 2020/Image data/JPEG - Copy;IMG_6517.JPG;Light;;22334.53;79.95;-56.56;0.19°;11/02/2021 22:28;6000 x 4000;No;RGB 8 bit/ch;JPEG Canon EOS 800D;800;19.799 s ;0.0;4.15;3399;58.20 %
E:/Astronomie/Images/Nebulas/Orion Nebula/Orion 11 feb 2020/Image data/JPEG - Copy;IMG_6451.JPG;Light;;22853.19;61.29;-99.38;0.11°;11/02/2021 22:05;6000 x 4000;No;RGB 8 bit/ch;JPEG Canon EOS 800D;800;19.799 s ;0.0;4.04;3502;59.77 %
E:/Astronomie/Images/Nebulas/Orion Nebula/Orion 11 feb 2020/Image data/JPEG - Copy;IMG_6455.JPG;Light;;25927.75;61.49;-96.60;0.11°;11/02/2021 22:06;6000 x 4000;No;RGB 8 bit/ch;JPEG Canon EOS 800D;800;19.799 s ;0.0;3.92;3688;59.96 %
E:/Astronomie/Images/Nebulas/Orion Nebula/Orion 11 feb 2020/Image data/JPEG - Copy;IMG_6469.JPG;Light;;24374.57;72.34;-85.50;0.13°;11/02/2021 22:11;6000 x 4000;No;RGB 8 bit/ch;JPEG Canon EOS 800D;800;19.799 s ;0.0;3.99;3466;59.18 %
E:/Astronomie/Images/Nebulas/Orion Nebula/Orion 11 feb 2020/Image data/JPEG - Copy;IMG_6548.JPG;Light;;24656.74;103.04;-31.29;0.24°;11/02/2021 22:39;6000 x 4000;No;RGB 8 bit/ch;JPEG Canon EOS 800D;800;19.7 s ;0.0;4.24;3577;57.62 %
E:/Astronomie/Images/Nebulas/Orion Nebula/Orion 11 feb 2020/Image data/JPEG - Copy;IMG_6619.JPG;Light;;25798.20;159.05;39.37;0.33°;11/02/2021 23:06;6000 x 4000;No;RGB 8 bit/ch;JPEG Canon EOS 800D;800;19.7 s ;0.0;4.06;3704;57.03 %
E:/Astronomie/Images/Nebulas/Orion Nebula/Orion 11 feb 2020/Image data/JPEG - Copy;IMG_6550.JPG;Light;;23594.75;93.28;-32.70;0.23°;11/02/2021 22:40;6000 x 4000;No;RGB 8 bit/ch;JPEG Canon EOS 800D;800;19.7 s ;0.0;4.04;3421;57.62 %
E:/Astronomie/Images/Nebulas/Orion Nebula/Orion 11 feb 2020/Image data/JPEG - Copy;IMG_6602.JPG;Light;;24731.94;149.09;25.33;0.30°;11/02/2021 23:00;6000 x 4000;No;RGB 8 bit/ch;JPEG Canon EOS 800D;800;19.799 s ;0.0;4.04;3518;57.03 %
E:/Astronomie/Images/Nebulas/Orion Nebula/Orion 11 feb 2020/Image data/JPEG - Copy;IMG_6652.JPG;Light;;21105.44;183.55;68.50;0.35°;11/02/2021 23:18;6000 x 4000;No;RGB 8 bit/ch;JPEG Canon EOS 800D;800;19.799 s ;0.0;4.17;3130;53.71 %
E:/Astronomie/Images/Nebulas/Orion Nebula/Orion 11 feb 2020/Image data/JPEG - Copy;IMG_6629.JPG;Light;;23870.27;155.37;45.51;0.33°;11/02/2021 23:10;6000 x 4000;No;RGB 8 bit/ch;JPEG Canon EOS 800D;800;19.899 s ;0.0;4.07;3439;54.69 %
E:/Astronomie/Images/Nebulas/Orion Nebula/Orion 11 feb 2020/Image data/JPEG - Copy;IMG_6667.JPG;Light;;27802.02;187.58;81.34;0.36°;11/02/2021 23:23;6000 x 4000;No;RGB 8 bit/ch;JPEG Canon EOS 800D;800;19.799 s ;0.0;3.91;3943;53.71 %
E:/Astronomie/Images/Nebulas/Orion Nebula/Orion 11 feb 2020/Image data/JPEG - Copy;IMG_6657.JPG;Light;;23596.78;185.90;73.52;0.35°;11/02/2021 23:20;6000 x 4000;No;RGB 8 bit/ch;JPEG Canon EOS 800D;800;19.7 s ;0.0;4.23;3520;53.52 %
E:/Astronomie/Images/Nebulas/Orion Nebula/Orion 11 feb 2020/Image data/JPEG - Copy;IMG_6684.JPG;Light;;27593.96;203.08;97.99;0.39°;11/02/2021 23:29;6000 x 4000;No;RGB 8 bit/ch;JPEG Canon EOS 800D;800;19.7 s ;0.0;3.90;3910;53.52 %
E:/Astronomie/Images/Nebulas/Orion Nebula/Orion 11 feb 2020/Image data/JPEG - Copy;IMG_6494.JPG;Light;;28680.22;80.21;-69.17;0.16°;11/02/2021 22:20;6000 x 4000;No;RGB 8 bit/ch;JPEG Canon EOS 800D;800;19.799 s ;0.0;3.83;3981;58.40 %
E:/Astronomie/Images/Nebulas/Orion Nebula/Orion 11 feb 2020/Image data/JPEG - Copy;IMG_6623.JPG;Light;;26148.16;162.07;43.00;0.32°;11/02/2021 23:08;6000 x 4000;No;RGB 8 bit/ch;JPEG Canon EOS 800D;800;19.799 s ;0.0;4.08;3725;54.49 %
E:/Astronomie/Images/Nebulas/Orion Nebula/Orion 11 feb 2020/Image data/JPEG - Copy;IMG_6442.JPG;Light;;30337.06;57.42;-103.85;0.09°;11/02/2021 22:01;6000 x 4000;No;RGB 8 bit/ch;JPEG Canon EOS 800D;800;19.799 s ;0.0;3.71;4145;59.96 %
E:/Astronomie/Images/Nebulas/Orion Nebula/Orion 11 feb 2020/Image data/JPEG - Copy;IMG_6556.JPG;Light;;24443.24;107.52;-25.56;0.24°;11/02/2021 22:42;6000 x 4000;No;RGB 8 bit/ch;JPEG Canon EOS 800D;800;19.6 s ;0.0;3.98;3467;57.23 %
E:/Astronomie/Images/Nebulas/Orion Nebula/Orion 11 feb 2020/Image data/JPEG - Copy;IMG_6665.JPG;Light;;27310.45;195.21;81.79;0.36°;11/02/2021 23:22;6000 x 4000;No;RGB 8 bit/ch;JPEG Canon EOS 800D;800;19.899 s ;0.0;3.93;3846;53.91 %
E:/Astronomie/Images/Nebulas/Orion Nebula/Orion 11 feb 2020/Image data/JPEG - Copy;IMG_6636.JPG;Light;;21154.76;170.87;54.80;0.33°;11/02/2021 23:12;6000 x 4000;No;RGB 8 bit/ch;JPEG Canon EOS 800D;800;19.899 s ;0.0;4.39;3276;54.30 %
E:/Astronomie/Images/Nebulas/Orion Nebula/Orion 11 feb 2020/Image data/JPEG - Copy;IMG_6500.JPG;Light;;24062.61;73.92;-67.31;0.17°;11/02/2021 22:22;6000 x 4000;No;RGB 8 bit/ch;JPEG Canon EOS 800D;800;19.899 s ;0.0;4.00;3495;58.60 %
E:/Astronomie/Images/Nebulas/Orion Nebula/Orion 11 feb 2020/Image data/JPEG - Copy;IMG_6502.JPG;Light;;23351.75;82.31;-64.50;0.17°;11/02/2021 22:23;6000 x 4000;No;RGB 8 bit/ch;JPEG Canon EOS 800D;800;19.7 s ;0.0;3.96;3360;58.40 %
E:/Astronomie/Images/Nebulas/Orion Nebula/Orion 11 feb 2020/Image data/JPEG - Copy;IMG_6608.JPG;Light;;22963.16;141.83;28.85;0.30°;11/02/2021 23:02;6000 x 4000;No;RGB 8 bit/ch;JPEG Canon EOS 800D;800;19.7 s ;0.0;4.12;3315;56.84 %
E:/Astronomie/Images/Nebulas/Orion Nebula/Orion 11 feb 2020/Image data/JPEG - Copy;IMG_6450.JPG;Light;;22051.81;60.74;-97.70;0.09°;11/02/2021 22:04;6000 x 4000;No;RGB 8 bit/ch;JPEG Canon EOS 800D;800;19.6 s ;0.0;4.01;3277;59.77 %
E:/Astronomie/Images/Nebulas/Orion Nebula/Orion 11 feb 2020/Image data/JPEG - Copy;IMG_6579.JPG;Light;;25928.26;110.00;-9.74;0.27°;11/02/2021 22:50;6000 x 4000;No;RGB 8 bit/ch;JPEG Canon EOS 800D;800;19.899 s ;0.0;3.97;3680;57.62 %
E:/Astronomie/Images/Nebulas/Orion Nebula/Orion 11 feb 2020/Image data/JPEG - Copy;IMG_6656.JPG;Light;;20309.49;184.37;71.17;0.36°;11/02/2021 23:19;6000 x 4000;No;RGB 8 bit/ch;JPEG Canon EOS 800D;800;19.799 s ;0.0;4.16;3080;53.71 %
E:/Astronomie/Images/Nebulas/Orion Nebula/Orion 11 feb 2020/Image data/JPEG - Copy;IMG_6408.JPG;Light;;22356.89;7.79;-1.46;-0.03°;11/02/2021 21:48;6000 x 4000;No;RGB 8 bit/ch;JPEG Canon EOS 800D;800;20.2 s ;0.0;3.95;3338;61.52 %
E:/Astronomie/Images/Nebulas/Orion Nebula/Orion 11 feb 2020/Image data/JPEG - Copy;IMG_6594.JPG;Light;;22305.92;144.98;20.07;0.29°;11/02/2021 22:57;6000 x 4000;No;RGB 8 bit/ch;JPEG Canon EOS 800D;800;19.7 s ;0.0;4.35;3240;57.23 %
E:/Astronomie/Images/Nebulas/Orion Nebula/Orion 11 feb 2020/Image data/JPEG - Copy;IMG_6648.JPG;Light;;25254.30;181.27;65.32;0.35°;11/02/2021 23:16;6000 x 4000;No;RGB 8 bit/ch;JPEG Canon EOS 800D;800;19.7 s ;0.0;3.96;3592;53.52 %
E:/Astronomie/Images/Nebulas/Orion Nebula/Orion 11 feb 2020/Image data/JPEG - Copy;IMG_6673.JPG;Light;;20415.48;202.07;89.76;0.37°;11/02/2021 23:25;6000 x 4000;No;RGB 8 bit/ch;JPEG Canon EOS 800D;800;19.799 s ;0.0;4.16;3067;53.91 %
E:/Astronomie/Images/Nebulas/Orion Nebula/Orion 11 feb 2020/Image data/JPEG - Copy;IMG_6650.JPG;Light;;21296.87;173.04;65.17;0.34°;11/02/2021 23:17;6000 x 4000;No;RGB 8 bit/ch;JPEG Canon EOS 800D;800;19.799 s ;0.0;4.25;3134;53.71 %
E:/Astronomie/Images/Nebulas/Orion Nebula/Orion 11 feb 2020/Image data/JPEG - Copy;IMG_6663.JPG;Light;;26404.25;184.24;77.11;0.36°;11/02/2021 23:22;6000 x 4000;No;RGB 8 bit/ch;JPEG Canon EOS 800D;800;19.799 s ;0.0;3.95;3765;53.71 %
E:/Astronomie/Images/Nebulas/Orion Nebula/Orion 11 feb 2020/Image data/JPEG - Copy;IMG_6424.JPG;Light;;32836.37;9.08;5.62;0.01°;11/02/2021 21:53;6000 x 4000;No;RGB 8 bit/ch;JPEG Canon EOS 800D;800;20.2 s ;0.0;3.78;4510;61.52 %
E:/Astronomie/Images/Nebulas/Orion Nebula/Orion 11 feb 2020/Image data/JPEG - Copy;IMG_6488.JPG;Light;;26526.98;70.08;-75.87;0.14°;11/02/2021 22:18;6000 x 4000;No;RGB 8 bit/ch;JPEG Canon EOS 800D;800;19.799 s ;0.0;3.95;3765;58.40 %
E:/Astronomie/Images/Nebulas/Orion Nebula/Orion 11 feb 2020/Image data/JPEG - Copy;IMG_6477.JPG;Light;;29827.16;73.89;-80.83;0.14°;11/02/2021 22:14;6000 x 4000;No;RGB 8 bit/ch;JPEG Canon EOS 800D;800;19.799 s ;0.0;3.72;4107;58.79 %
E:/Astronomie/Images/Nebulas/Orion Nebula/Orion 11 feb 2020/Image data/JPEG - Copy;IMG_6465.JPG;Light;;29137.15;71.09;-87.33;0.12°;11/02/2021 22:10;6000 x 4000;No;RGB 8 bit/ch;JPEG Canon EOS 800D;800;19.799 s ;0.0;3.90;4057;59.38 %
E:/Astronomie/Images/Nebulas/Orion Nebula/Orion 11 feb 2020/Image data/JPEG - Copy;IMG_6448.JPG;Light;;24681.11;66.47;-97.74;0.08°;11/02/2021 22:04;6000 x 4000;No;RGB 8 bit/ch;JPEG Canon EOS 800D;800;19.799 s ;0.0;3.80;3492;59.96 %
E:/Astronomie/Images/Nebulas/Orion Nebula/Orion 11 feb 2020/Image data/JPEG - Copy;IMG_6461.JPG;Light;;27625.44;70.06;-90.06;0.11°;11/02/2021 22:08;6000 x 4000;No;RGB 8 bit/ch;JPEG Canon EOS 800D;800;19.6 s ;0.0;4.01;3873;59.38 %
E:/Astronomie/Images/Nebulas/Orion Nebula/Orion 11 feb 2020/Image data/JPEG - Copy;IMG_6532.JPG;Light;;20722.72;92.54;-43.95;0.22°;11/02/2021 22:34;6000 x 4000;No;RGB 8 bit/ch;JPEG Canon EOS 800D;800;19.899 s ;0.0;4.30;3258;58.20 %
E:/Astronomie/Images/Nebulas/Orion Nebula/Orion 11 feb 2020/Image data/JPEG - Copy;IMG_6571.JPG;Light;;22026.16;106.29;-16.28;0.25°;11/02/2021 22:47;6000 x 4000;No;RGB 8 bit/ch;JPEG Canon EOS 800D;800;19.799 s ;0.0;4.19;3404;57.62 %
E:/Astronomie/Images/Nebulas/Orion Nebula/Orion 11 feb 2020/Image data/JPEG - Copy;IMG_6581.JPG;Light;;26682.81;122.43;-5.76;0.27°;11/02/2021 22:51;6000 x 4000;No;RGB 8 bit/ch;JPEG Canon EOS 800D;800;19.6 s ;0.0;3.92;3762;57.03 %
E:/Astronomie/Images/Nebulas/Orion Nebula/Orion 11 feb 2020/Image data/JPEG - Copy;IMG_6483.JPG;Light;;21599.23;69.55;-77.75;0.15°;11/02/2021 22:16;6000 x 4000;No;RGB 8 bit/ch;JPEG Canon EOS 800D;800;19.7 s ;0.0;4.17;3383;58.40 %
E:/Astronomie/Images/Nebulas/Orion Nebula/Orion 11 feb 2020/Image data/JPEG - Copy;IMG_6484.JPG;Light;;26412.24;69.31;-78.32;0.15°;11/02/2021 22:16;6000 x 4000;No;RGB 8 bit/ch;JPEG Canon EOS 800D;800;19.7 s ;0.0;3.86;3759;58.40 %
E:/Astronomie/Images/Nebulas/Orion Nebula/Orion 11 feb 2020/Image data/JPEG - Copy;IMG_6475.JPG;Light;;26130.98;65.62;-83.61;0.13°;11/02/2021 22:13;6000 x 4000;No;RGB 8 bit/ch;JPEG Canon EOS 800D;800;19.799 s ;0.0;3.85;3688;58.99 %
E:/Astronomie/Images/Nebulas/Orion Nebula/Orion 11 feb 2020/Image data/JPEG - Copy;IMG_6482.JPG;Light;;27146.09;74.66;-76.03;0.14°;11/02/2021 22:16;6000 x 4000;No;RGB 8 bit/ch;JPEG Canon EOS 800D;800;19.799 s ;0.0;3.90;3879;58.60 %
E:/Astronomie/Images/Nebulas/Orion Nebula/Orion 11 feb 2020/Image data/JPEG - Copy;IMG_6420.JPG;Light;;27717.42;9.79;4.86;-0.01°;11/02/2021 21:52;6000 x 4000;No;RGB 8 bit/ch;JPEG Canon EOS 800D;800;20.2 s ;0.0;4.03;3969;61.52 %
E:/Astronomie/Images/Nebulas/Orion Nebula/Orion 11 feb 2020/Image data/JPEG - Copy;IMG_6471.JPG;Light;;27504.41;65.38;-85.33;0.13°;11/02/2021 22:12;6000 x 4000;No;RGB 8 bit/ch;JPEG Canon EOS 800D;800;19.799 s ;0.0;3.86;3828;58.99 %
E:/Astronomie/Images/Nebulas/Orion Nebula/Orion 11 feb 2020/Image data/JPEG - Copy;IMG_6422.JPG;Light;;33913.65;0.60;2.37;-0.00°;11/02/2021 21:53;6000 x 4000;No;RGB 8 bit/ch;JPEG Canon EOS 800D;800;20.2 s ;0.0;3.65;4597;61.52 %
E:/Astronomie/Images/Nebulas/Orion Nebula/Orion 11 feb 2020/Image data/JPEG - Copy;IMG_6444.JPG;Light;;29897.53;66.14;-100.45;0.08°;11/02/2021 22:02;6000 x 4000;No;RGB 8 bit/ch;JPEG Canon EOS 800D;800;19.7 s ;0.0;3.66;4077;59.96 %
E:/Astronomie/Images/Nebulas/Orion Nebula/Orion 11 feb 2020/Image data/JPEG - Copy;IMG_6515.JPG;Light;;21555.50;87.44;-55.51;0.19°;11/02/2021 22:28;6000 x 4000;No;RGB 8 bit/ch;JPEG Canon EOS 800D;800;19.899 s ;0.0;4.17;3312;58.40 %
E:/Astronomie/Images/Nebulas/Orion Nebula/Orion 11 feb 2020/Image data/JPEG - Copy;IMG_6479.JPG;Light;;24585.92;68.25;-79.87;0.13°;11/02/2021 22:15;6000 x 4000;No;RGB 8 bit/ch;JPEG Canon EOS 800D;800;19.6 s ;0.0;4.03;3584;58.40 %
E:/Astronomie/Images/Nebulas/Orion Nebula/Orion 11 feb 2020/Image data/JPEG - Copy;IMG_6490.JPG;Light;;27966.08;78.64;-72.09;0.16°;11/02/2021 22:19;6000 x 4000;No;RGB 8 bit/ch;JPEG Canon EOS 800D;800;19.799 s ;0.0;4.01;3934;58.20 %
E:/Astronomie/Images/Nebulas/Orion Nebula/Orion 11 feb 2020/Image data/JPEG - Copy;IMG_6492.JPG;Light;;29999.44;71.24;-73.55;0.16°;11/02/2021 22:19;6000 x 4000;No;RGB 8 bit/ch;JPEG Canon EOS 800D;800;19.799 s ;0.0;3.81;4159;58.40 %
E:/Astronomie/Images/Nebulas/Orion Nebula/Orion 11 feb 2020/Image data/JPEG - Copy;IMG_6496.JPG;Light;;29566.22;71.78;-71.16;0.17°;11/02/2021 22:21;6000 x 4000;No;RGB 8 bit/ch;JPEG Canon EOS 800D;800;19.799 s ;0.0;3.76;4100;58.40 %
E:/Astronomie/Images/Nebulas/Orion Nebula/Orion 11 feb 2020/Image data/JPEG - Copy;IMG_6498.JPG;Light;;20940.48;81.65;-66.20;0.16°;11/02/2021 22:21;6000 x 4000;No;RGB 8 bit/ch;JPEG Canon EOS 800D;800;19.7 s ;0.0;4.15;3060;58.20 %
E:/Astronomie/Images/Nebulas/Orion Nebula/Orion 11 feb 2020/Image data/JPEG - Copy;IMG_6418.JPG;Light;;35707.82;0.00;0.00;0.00°;11/02/2021 21:51;6000 x 4000;No;RGB 8 bit/ch;JPEG Canon EOS 800D;800;20.2 s ;0.0;3.58;4828;61.52 %
E:/Astronomie/Images/Nebulas/Orion Nebula/Orion 11 feb 2020/Image data/JPEG - Copy;IMG_6453.JPG;Light;;27149.82;67.53;-94.17;0.10°;11/02/2021 22:05;6000 x 4000;No;RGB 8 bit/ch;JPEG Canon EOS 800D;800;19.899 s ;0.0;3.96;3823;59.96 %
E:/Astronomie/Images/Nebulas/Orion Nebula/Orion 11 feb 2020/Image data/JPEG - Copy;IMG_6527.JPG;Light;;23819.67;93.33;-46.97;0.20°;11/02/2021 22:32;6000 x 4000;No;RGB 8 bit/ch;JPEG Canon EOS 800D;800;19.799 s ;0.0;4.01;3391;58.01 %
E:/Astronomie/Images/Nebulas/Orion Nebula/Orion 11 feb 2020/Image data/JPEG - Copy;IMG_6569.JPG;Light;;20580.41;114.09;-14.99;0.25°;11/02/2021 22:47;6000 x 4000;No;RGB 8 bit/ch;JPEG Canon EOS 800D;800;19.899 s ;0.0;4.44;3200;57.62 %
E:/Astronomie/Images/Nebulas/Orion Nebula/Orion 11 feb 2020/Image data/JPEG - Copy;IMG_6604.JPG;Light;;25704.53;138.70;24.76;0.31°;11/02/2021 23:01;6000 x 4000;No;RGB 8 bit/ch;JPEG Canon EOS 800D;800;19.899 s ;0.0;4.05;3655;57.03 %
E:/Astronomie/Images/Nebulas/Orion Nebula/Orion 11 feb 2020/Image data/JPEG - Copy;IMG_6552.JPG;Light;;24104.26;105.12;-28.25;0.23°;11/02/2021 22:41;6000 x 4000;No;RGB 8 bit/ch;JPEG Canon EOS 800D;800;19.7 s ;0.0;4.15;3435;57.62 %
E:/Astronomie/Images/Nebulas/Orion Nebula/Orion 11 feb 2020/Image data/JPEG - Copy;IMG_6596.JPG;Light;;20993.89;135.27;18.17;0.29°;11/02/2021 22:58;6000 x 4000;No;RGB 8 bit/ch;JPEG Canon EOS 800D;800;20.0 s ;0.0;4.37;3142;57.42 %
E:/Astronomie/Images/Nebulas/Orion Nebula/Orion 11 feb 2020/Image data/JPEG - Copy;IMG_6410.JPG;Light;;27711.33;-1.34;-3.88;-0.01°;11/02/2021 21:48;6000 x 4000;No;RGB 8 bit/ch;JPEG Canon EOS 800D;800;20.2 s ;0.0;3.89;3838;61.52 %
E:/Astronomie/Images/Nebulas/Orion Nebula/Orion 11 feb 2020/Image data/JPEG - Copy;IMG_6459.JPG;Light;;28930.39;62.51;-94.13;0.11°;11/02/2021 22:08;6000 x 4000;No;RGB 8 bit/ch;JPEG Canon EOS 800D;800;19.899 s ;0.0;3.76;4019;59.96 %
E:/Astronomie/Images/Nebulas/Orion Nebula/Orion 11 feb 2020/Image data/JPEG - Copy;IMG_6430.JPG;Light;;26874.39;2.64;5.81;0.01°;11/02/2021 21:56;6000 x 4000;No;RGB 8 bit/ch;JPEG Canon EOS 800D;800;20.2 s ;0.0;3.86;3904;61.13 %
E:/Astronomie/Images/Nebulas/Orion Nebula/Orion 11 feb 2020/Image data/JPEG - Copy;IMG_6575.JPG;Light;;26183.10;107.75;-13.05;0.26°;11/02/2021 22:49;6000 x 4000;No;RGB 8 bit/ch;JPEG Canon EOS 800D;800;19.899 s ;0.0;3.94;3733;57.62 %
E:/Astronomie/Images/Nebulas/Orion Nebula/Orion 11 feb 2020/Image data/JPEG - Copy;IMG_6529.JPG;Light;;23324.31;84.72;-47.82;0.20°;11/02/2021 22:33;6000 x 4000;No;RGB 8 bit/ch;JPEG Canon EOS 800D;800;19.7 s ;0.0;4.06;3416;57.81 %
E:/Astronomie/Images/Nebulas/Orion Nebula/Orion 11 feb 2020/Image data/JPEG - Copy;IMG_6519.JPG;Light;;25718.84;89.44;-52.11;0.19°;11/02/2021 22:29;6000 x 4000;No;RGB 8 bit/ch;JPEG Canon EOS 800D;800;19.799 s ;0.0;4.10;3695;58.20 %
E:/Astronomie/Images/Nebulas/Orion Nebula/Orion 11 feb 2020/Image data/JPEG - Copy;IMG_6531.JPG;Light;;23600.63;94.40;-44.42;0.21°;11/02/2021 22:33;6000 x 4000;No;RGB 8 bit/ch;JPEG Canon EOS 800D;800;19.7 s ;0.0;4.03;3414;57.81 %
E:/Astronomie/Images/Nebulas/Orion Nebula/Orion 11 feb 2020/Image data/JPEG - Copy;IMG_6473.JPG;Light;;20996.96;73.54;-82.66;0.13°;11/02/2021 22:13;6000 x 4000;No;RGB 8 bit/ch;JPEG Canon EOS 800D;800;19.799 s ;0.0;4.06;3074;58.99 %
E:/Astronomie/Images/Nebulas/Orion Nebula/Orion 11 feb 2020/Image data/JPEG - Copy;IMG_6544.JPG;Light;;20932.25;100.69;-33.81;0.23°;11/02/2021 22:38;6000 x 4000;No;RGB 8 bit/ch;JPEG Canon EOS 800D;800;19.799 s ;0.0;4.41;3142;58.01 %
E:/Astronomie/Images/Nebulas/Orion Nebula/Orion 11 feb 2020/Image data/JPEG - Copy;IMG_6600.JPG;Light;;25333.86;136.93;21.64;0.29°;11/02/2021 22:59;6000 x 4000;No;RGB 8 bit/ch;JPEG Canon EOS 800D;800;19.899 s ;0.0;4.07;3668;57.23 %
E:/Astronomie/Images/Nebulas/Orion Nebula/Orion 11 feb 2020/Image data/JPEG - Copy;IMG_6558.JPG;Light;;24523.84;98.32;-25.64;0.24°;11/02/2021 22:43;6000 x 4000;No;RGB 8 bit/ch;JPEG Canon EOS 800D;800;19.799 s ;0.0;4.02;3536;57.42 %
E:/Astronomie/Images/Nebulas/Orion Nebula/Orion 11 feb 2020/Image data/JPEG - Copy;IMG_6554.JPG;Light;;24342.04;95.60;-29.04;0.24°;11/02/2021 22:41;6000 x 4000;No;RGB 8 bit/ch;JPEG Canon EOS 800D;800;19.899 s ;0.0;4.07;3492;57.81 %
E:/Astronomie/Images/Nebulas/Orion Nebula/Orion 11 feb 2020/Image data/JPEG - Copy;IMG_6487.JPG;Light;;20186.06;71.95;-74.96;0.14°;11/02/2021 22:18;6000 x 4000;No;RGB 8 bit/ch;JPEG Canon EOS 800D;800;19.7 s ;0.0;4.28;3297;58.40 %
E:/Astronomie/Images/Nebulas/Orion Nebula/Orion 11 feb 2020/Image data/JPEG - Copy;IMG_6446.JPG;Light;;31575.33;59.18;-101.06;0.09°;11/02/2021 22:03;6000 x 4000;No;RGB 8 bit/ch;JPEG Canon EOS 800D;800;19.799 s ;0.0;3.70;4316;59.96 %
E:/Astronomie/Images/Nebulas/Orion Nebula/Orion 11 feb 2020/Image data/JPEG - Copy;IMG_6546.JPG;Light;;21029.85;92.50;-35.13;0.22°;11/02/2021 22:39;6000 x 4000;No;RGB 8 bit/ch;JPEG Canon EOS 800D;800;19.799 s ;0.0;4.29;3300;57.81 %
E:/Astronomie/Images/Nebulas/Orion Nebula/Orion 11 feb 2020/Image data/JPEG - Copy;IMG_6486.JPG;Light;;28968.59;76.43;-74.34;0.15°;11/02/2021 22:17;6000 x 4000;No;RGB 8 bit/ch;JPEG Canon EOS 800D;800;19.799 s ;0.0;3.85;4047;58.40 %
E:/Astronomie/Images/Nebulas/Orion Nebula/Orion 11 feb 2020/Image data/JPEG - Copy;IMG_6590.JPG;Light;;20246.14;141.02;16.00;0.29°;11/02/2021 22:56;6000 x 4000;No;RGB 8 bit/ch;JPEG Canon EOS 800D;800;19.799 s ;0.0;4.47;3191;57.42 %
E:/Astronomie/Images/Nebulas/Orion Nebula/Orion 11 feb 2020/Image data/JPEG - Copy;IMG_6525.JPG;Light;;23786.28;82.15;-50.20;0.20°;11/02/2021 22:31;6000 x 4000;No;RGB 8 bit/ch;JPEG Canon EOS 800D;800;19.799 s ;0.0;3.99;3390;58.20 %
E:/Astronomie/Images/Nebulas/Orion Nebula/Orion 11 feb 2020/Image data/JPEG - Copy;IMG_6447.JPG;Light;;21578.35;61.33;-101.36;0.10°;11/02/2021 22:03;6000 x 4000;No;RGB 8 bit/ch;JPEG Canon EOS 800D;800;19.7 s ;0.0;4.14;3382;59.77 %
E:/Astronomie/Images/Nebulas/Orion Nebula/Orion 11 feb 2020/Image data/JPEG - Copy;IMG_6445.JPG;Light;;20941.35;64.59;-99.36;0.08°;11/02/2021 22:03;6000 x 4000;No;RGB 8 bit/ch;JPEG Canon EOS 800D;800;19.899 s ;0.0;4.12;3269;60.35 %
E:/Astronomie/Images/Nebulas/Orion Nebula/Orion 11 feb 2020/Image data/JPEG - Copy;IMG_6412.JPG;Light;;30051.77;7.46;-0.08;-0.02°;11/02/2021 21:49;6000 x 4000;No;RGB 8 bit/ch;JPEG Canon EOS 800D;800;20.2 s ;0.0;3.88;4169;61.52 %
E:/Astronomie/Images/Nebulas/Orion Nebula/Orion 11 feb 2020/Image data/JPEG - Copy;IMG_6480.JPG;Light;;24601.52;68.26;-80.66;0.13°;11/02/2021 22:15;6000 x 4000;No;RGB 8 bit/ch;JPEG Canon EOS 800D;800;19.7 s ;0.0;3.99;3626;58.60 %
E:/Astronomie/Images/Nebulas/Orion Nebula/Orion 11 feb 2020/Image data/JPEG - Copy;IMG_6536.JPG;Light;;22945.85;95.76;-39.87;0.21°;11/02/2021 22:35;6000 x 4000;No;RGB 8 bit/ch;JPEG Canon EOS 800D;800;19.799 s ;0.0;4.25;3413;57.81 %
E:/Astronomie/Images/Nebulas/Orion Nebula/Orion 11 feb 2020/Image data/JPEG - Copy;IMG_6577.JPG;Light;;27052.21;119.60;-8.96;0.26°;11/02/2021 22:50;6000 x 4000;No;RGB 8 bit/ch;JPEG Canon EOS 800D;800;19.7 s ;0.0;3.99;3824;57.42 %
E:/Astronomie/Images/Nebulas/Orion Nebula/Orion 11 feb 2020/Image data/JPEG - Copy;IMG_6621.JPG;Light;;26880.45;149.15;39.17;0.32°;11/02/2021 23:07;6000 x 4000;No;RGB 8 bit/ch;JPEG Canon EOS 800D;800;19.799 s ;0.0;4.02;3825;56.84 %
E:/Astronomie/Images/Nebulas/Orion Nebula/Orion 11 feb 2020/Image data/JPEG - Copy;IMG_6646.JPG;Light;;26498.07;169.11;60.86;0.35°;11/02/2021 23:16;6000 x 4000;No;RGB 8 bit/ch;JPEG Canon EOS 800D;800;19.899 s ;0.0;3.98;3757;53.71 %
E:/Astronomie/Images/Nebulas/Orion Nebula/Orion 11 feb 2020/Image data/JPEG - Copy;IMG_6467.JPG;Light;;31182.90;63.55;-89.00;0.12°;11/02/2021 22:10;6000 x 4000;No;RGB 8 bit/ch;JPEG Canon EOS 800D;800;19.7 s ;0.0;3.71;4273;59.18 %
E:/Astronomie/Images/Nebulas/Orion Nebula/Orion 11 feb 2020/Image data/JPEG - Copy;IMG_6416.JPG;Light;;31833.36;8.19;1.54;-0.01°;11/02/2021 21:51;6000 x 4000;No;RGB 8 bit/ch;JPEG Canon EOS 800D;800;20.2 s ;0.0;3.85;4371;61.52 %
E:/Astronomie/Images/Nebulas/Orion Nebula/Orion 11 feb 2020/Image data/JPEG - Copy;IMG_6523.JPG;Light;;26451.53;91.65;-49.54;0.20°;11/02/2021 22:30;6000 x 4000;No;RGB 8 bit/ch;JPEG Canon EOS 800D;800;19.799 s ;0.0;3.97;3707;58.40 %
E:/Astronomie/Images/Nebulas/Orion Nebula/Orion 11 feb 2020/Image data/JPEG - Copy;IMG_6457.JPG;Light;;27001.69;68.90;-92.01;0.11°;11/02/2021 22:07;6000 x 4000;No;RGB 8 bit/ch;JPEG Canon EOS 800D;800;19.6 s ;0.0;4.00;3761;59.57 %
E:/Astronomie/Images/Nebulas/Orion Nebula/Orion 11 feb 2020/Image data/JPEG - Copy;IMG_6521.JPG;Light;;26264.86;81.35;-54.35;0.20°;11/02/2021 22:30;6000 x 4000;No;RGB 8 bit/ch;JPEG Canon EOS 800D;800;19.799 s ;0.0;3.94;3703;58.20 %
E:/Astronomie/Images/Nebulas/Orion Nebula/Orion 11 feb 2020/Image data/JPEG - Copy;IMG_6625.JPG;Light;;25942.73;151.39;41.93;0.32°;11/02/2021 23:08;6000 x 4000;No;RGB 8 bit/ch;JPEG Canon EOS 800D;800;19.799 s ;0.0;4.03;3691;54.30 %
E:/Astronomie/Images/Nebulas/Orion Nebula/Orion 11 feb 2020/Image data/JPEG - Copy;IMG_6478.JPG;Light;;27703.05;73.90;-79.09;0.14°;11/02/2021 22:14;6000 x 4000;No;RGB 8 bit/ch;JPEG Canon EOS 800D;800;19.899 s ;0.0;3.89;3923;58.79 %
E:/Astronomie/Images/Nebulas/Orion Nebula/Orion 11 feb 2020/Image data/JPEG - Copy;IMG_6406.JPG;Light;;30034.43;-2.29;-5.38;-0.02°;11/02/2021 21:47;6000 x 4000;No;RGB 8 bit/ch;JPEG Canon EOS 800D;800;20.2 s ;0.0;3.82;4103;61.52 %
E:/Astronomie/Images/Nebulas/Orion Nebula/Orion 11 feb 2020/Image data/JPEG - Copy;IMG_6573.JPG;Light;;25291.68;117.34;-11.79;0.25°;11/02/2021 22:48;6000 x 4000;No;RGB 8 bit/ch;JPEG Canon EOS 800D;800;19.7 s ;0.0;4.14;3600;57.62 %
E:/Astronomie/Images/Nebulas/Orion Nebula/Orion 11 feb 2020/Image data/JPEG - Copy;IMG_6414.JPG;Light;;31238.77;-0.59;-2.48;-0.00°;11/02/2021 21:50;6000 x 4000;No;RGB 8 bit/ch;JPEG Canon EOS 800D;800;20.2 s ;0.0;3.83;4294;61.52 %
E:/Astronomie/Images/Nebulas/Orion Nebula/Orion 11 feb 2020/Image data/JPEG - Copy;IMG_6503.JPG;Light;;22598.77;80.69;-63.26;0.16°;11/02/2021 22:23;6000 x 4000;No;RGB 8 bit/ch;JPEG Canon EOS 800D;800;19.7 s ;0.0;4.15;3437;58.20 %
E:/Astronomie/Images/Nebulas/Orion Nebula/Orion 11 feb 2020/Image data/JPEG - Copy;IMG_6452.JPG;Light;;25901.42;67.21;-96.15;0.10°;11/02/2021 22:05;6000 x 4000;No;RGB 8 bit/ch;JPEG Canon EOS 800D;800;19.899 s ;0.0;3.73;3646;59.96 %
